id,first_name,last_name,email,gender,address
1,Virge,Basson,vbasson0@census.gov,Non-binary,8549 Brown Junction
2,May,Boughtwood,mboughtwood1@tuttocitta.it,Genderqueer,7 High Crossing Drive
3,Sydel,Winward,swinward2@businessweek.com,Male,8981 Erie Parkway
4,Genny,Leighton,gleighton3@cdc.gov,Genderqueer,6 High Crossing Point
5,Lenette,Lamplugh,llamplugh4@flavors.me,Genderfluid,25071 Ramsey Drive
6,Josh,Anster,janster5@wunderground.com,Agender,02 Fuller Plaza
7,Leeanne,Pleuman,lpleuman6@reverbnation.com,Agender,6 Gerald Center
8,Thor,Rayworth,trayworth7@timesonline.co.uk,Male,47 Nelson Alley
9,Farrell,Raspel,fraspel8@theglobeandmail.com,Bigender,72 Pepper Wood Parkway
10,Fancy,Gregolotti,fgregolotti9@bizjournals.com,Agender,4 Havey Trail
11,Mel,Crinion,mcriniona@npr.org,Genderqueer,83 Myrtle Park
12,Ashly,Riha,arihab@newyorker.com,Polygender,80241 Coolidge Court
13,Bobbye,Eborn,bebornc@springer.com,Genderfluid,5505 Knutson Alley
14,Rosalynd,Aveyard,raveyardd@wiley.com,Polygender,837 Raven Terrace
15,Pate,Farrand,pfarrande@biblegateway.com,Genderqueer,01058 Johnson Plaza
16,Florella,Blakey,fblakeyf@nationalgeographic.com,Genderfluid,9535 Aberg Alley
17,Silvio,Hessle,shessleg@netscape.com,Genderqueer,90086 Spenser Alley
18,Audi,D'Adamo,adadamoh@admin.ch,Genderqueer,5 Cottonwood Pass
19,Danica,Janicijevic,djanicijevici@ed.gov,Female,7 Arrowood Plaza
20,Kristo,Bidder,kbidderj@ning.com,Agender,1120 Morningstar Avenue
21,Lucias,Valois,lvaloisk@sitemeter.com,Female,34 Kedzie Park
22,Blanch,Mannie,bmanniel@blog.com,Female,29 Burning Wood Drive
23,Marlena,Lockyer,mlockyerm@biglobe.ne.jp,Bigender,646 Sunnyside Place
24,Bruno,Mathew,bmathewn@bizjournals.com,Genderqueer,9303 Westend Circle
25,Wendel,Gull,wgullo@nba.com,Genderqueer,07396 Mesta Trail
26,Johannes,Stanistreet,jstanistreetp@artisteer.com,Genderqueer,41893 Butternut Street
27,Ruthi,Westwick,rwestwickq@ow.ly,Genderqueer,8029 Northview Alley
28,Daniela,Carthy,dcarthyr@wsj.com,Male,2 Lakeland Street
29,Katharine,Tiplady,ktipladys@reference.com,Bigender,54885 Shoshone Way
30,Daniele,Challener,dchallenert@over-blog.com,Agender,05155 Jenifer Plaza
31,Emlynne,Budibent,ebudibentu@digg.com,Bigender,70 American Ash Avenue
32,Dyan,Mityushkin,dmityushkinv@amazon.de,Polygender,243 Superior Alley
33,Natty,Tune,ntunew@exblog.jp,Bigender,4 Stoughton Center
34,Ignazio,Quennell,iquennellx@vk.com,Non-binary,5318 Continental Pass
35,Nannie,Pendre,npendrey@purevolume.com,Bigender,9223 High Crossing Road
36,Neysa,Couvert,ncouvertz@wunderground.com,Non-binary,570 Meadow Ridge Street
37,Nicolais,Mayor,nmayor10@comcast.net,Genderqueer,00617 Evergreen Junction
38,Normy,Staig,nstaig11@adobe.com,Male,0681 Ruskin Hill
39,Marlena,Sandey,msandey12@microsoft.com,Genderqueer,888 Duke Road
40,Carolynn,Benedicte,cbenedicte13@de.vu,Agender,0 Briar Crest Place
41,William,Libermore,wlibermore14@ehow.com,Genderfluid,43232 Sloan Lane
42,Winslow,Skoggins,wskoggins15@diigo.com,Female,679 Truax Way
43,Anne-corinne,Reeders,areeders16@phpbb.com,Non-binary,0 Carpenter Court
44,Tabbie,Spinks,tspinks17@yahoo.co.jp,Male,857 Kings Way
45,Elvira,Crosfeld,ecrosfeld18@usnews.com,Polygender,59 Hoffman Street
46,Giacopo,Crowd,gcrowd19@discuz.net,Female,15089 Onsgard Court
47,Dewey,Crosthwaite,dcrosthwaite1a@fotki.com,Female,74818 Mallard Road
48,Emlen,Abbado,eabbado1b@angelfire.com,Male,7997 Dwight Hill
49,Quinn,Arrighini,qarrighini1c@hp.com,Bigender,0916 Rowland Park
50,Ashlan,Putton,aputton1d@uiuc.edu,Female,755 Barby Lane
51,Kacie,Piwell,kpiwell1e@addtoany.com,Female,19336 Logan Center
52,Daven,Janaway,djanaway1f@amazon.co.jp,Agender,94545 Continental Park
53,Paquito,Grogona,pgrogona1g@forbes.com,Agender,72719 Monument Parkway
54,Kiri,Summersby,ksummersby1h@usatoday.com,Agender,828 Kennedy Avenue
55,Rockie,Nind,rnind1i@skype.com,Non-binary,69 Paget Alley
56,Debera,Simonds,dsimonds1j@networksolutions.com,Polygender,17265 Fordem Street
57,Skipp,Midlar,smidlar1k@gmpg.org,Non-binary,5087 Manufacturers Hill
58,Kenn,Hampshire,khampshire1l@ca.gov,Male,5892 Buena Vista Trail
59,Sophronia,Dake,sdake1m@google.pl,Agender,26 Jenna Court
60,Wendall,Sherratt,wsherratt1n@linkedin.com,Genderfluid,088 Larry Junction
61,Ax,Winridge,awinridge1o@state.tx.us,Genderfluid,262 Corben Court
62,Marget,Dyett,mdyett1p@msu.edu,Polygender,76 American Ash Point
63,Clemente,Scutts,cscutts1q@constantcontact.com,Female,9363 Bunker Hill Lane
64,Dionysus,Ferries,dferries1r@google.co.uk,Non-binary,0359 Butterfield Way
65,Helenelizabeth,Lutz,hlutz1s@dot.gov,Polygender,50803 Mcguire Alley
66,Jenna,Tincombe,jtincombe1t@google.com.br,Agender,9201 Welch Trail
67,Waite,Whiston,wwhiston1u@sourceforge.net,Polygender,2429 Maple Park
68,Mortie,Sangwin,msangwin1v@spotify.com,Genderfluid,592 Eagan Terrace
69,Grayce,Yitzhok,gyitzhok1w@virginia.edu,Genderqueer,199 Clemons Lane
70,Chrysa,Barford,cbarford1x@dedecms.com,Genderqueer,42256 Florence Terrace
71,Sibyl,Halfhead,shalfhead1y@livejournal.com,Genderfluid,370 Lotheville Drive
72,Inna,Deveraux,ideveraux1z@arizona.edu,Polygender,427 Acker Alley
73,Evy,Pearn,epearn20@earthlink.net,Non-binary,82 Marcy Alley
74,Estella,Sarfatti,esarfatti21@weather.com,Bigender,7 Vahlen Drive
75,Adele,Perrigo,aperrigo22@discovery.com,Polygender,705 Sunfield Pass
76,Heidie,Rossiter,hrossiter23@vimeo.com,Bigender,1100 Daystar Parkway
77,Barbette,Shinefield,bshinefield24@cargocollective.com,Genderfluid,6 Alpine Lane
78,Beckie,Jansky,bjansky25@mediafire.com,Male,669 Larry Circle
79,Bron,Kenealy,bkenealy26@redcross.org,Female,1316 Melby Place
80,Sibyl,Matton,smatton27@ted.com,Genderqueer,361 Heath Court
81,Karina,Siebart,ksiebart28@epa.gov,Agender,32 Sutherland Place
82,Ag,Neely,aneely29@stanford.edu,Genderqueer,0 Goodland Alley
83,Charlotte,Willgress,cwillgress2a@xing.com,Genderfluid,02967 Oriole Park
84,Jolyn,Varga,jvarga2b@bizjournals.com,Non-binary,4601 Sloan Alley
85,Tore,Sevier,tsevier2c@linkedin.com,Male,580 Esker Avenue
86,Terrence,Kasman,tkasman2d@geocities.com,Female,03373 Scoville Avenue
87,Cirstoforo,Soars,csoars2e@wikimedia.org,Male,97357 Victoria Plaza
88,Jackie,Prendergast,jprendergast2f@ocn.ne.jp,Bigender,78 Graedel Street
89,Conrade,Taylorson,ctaylorson2g@bing.com,Genderqueer,738 Merchant Avenue
90,Avram,Bisseker,abisseker2h@slate.com,Agender,94908 International Avenue
91,Barbaraanne,Dowderswell,bdowderswell2i@alibaba.com,Male,304 Gale Alley
92,Kele,Bernini,kbernini2j@prlog.org,Non-binary,468 Anthes Crossing
93,Fanni,Neller,fneller2k@pagesperso-orange.fr,Agender,959 Hazelcrest Circle
94,Sven,Guerre,sguerre2l@cafepress.com,Female,1 Express Parkway
95,Larissa,Vile,lvile2m@topsy.com,Bigender,88 Dapin Terrace
96,Glendon,Leindecker,gleindecker2n@wikipedia.org,Polygender,53928 Russell Avenue
97,Durante,Chaudron,dchaudron2o@about.com,Polygender,46 Farmco Plaza
98,Brynna,Daingerfield,bdaingerfield2p@miibeian.gov.cn,Female,96983 Green Junction
99,Elsinore,Weeke,eweeke2q@ustream.tv,Polygender,820 Brentwood Junction
100,Rolf,Loffill,rloffill2r@blinklist.com,Male,3849 Oakridge Terrace
101,Murielle,Nottle,mnottle2s@whitehouse.gov,Polygender,1285 Armistice Lane
102,Augy,St. Queintain,astqueintain2t@sciencedaily.com,Genderfluid,0 Packers Avenue
103,Evonne,Hincks,ehincks2u@about.com,Female,7 Fisk Circle
104,Leslie,Chark,lchark2v@youtu.be,Polygender,20518 Saint Paul Street
105,Matthus,Drackford,mdrackford2w@europa.eu,Female,46 Kipling Plaza
106,Alair,McWilliam,amcwilliam2x@prnewswire.com,Agender,38 Butterfield Pass
107,Ardelis,Pickover,apickover2y@qq.com,Polygender,778 Talisman Circle
108,Othelia,Issacson,oissacson2z@studiopress.com,Genderfluid,065 Carberry Circle
109,Raeann,Guilleton,rguilleton30@accuweather.com,Non-binary,63253 New Castle Crossing
110,Bastien,MacDonell,bmacdonell31@symantec.com,Non-binary,3 Darwin Center
111,Stanislaw,Mapam,smapam32@arizona.edu,Genderqueer,4902 Thompson Court
112,Carrie,Woodfield,cwoodfield33@ucoz.ru,Female,8111 Oak Crossing
113,Ange,Ivankov,aivankov34@t.co,Genderfluid,81 Southridge Terrace
114,Verena,Jodrelle,vjodrelle35@mozilla.com,Agender,65197 Barnett Road
115,Bren,Laxon,blaxon36@sakura.ne.jp,Agender,107 Holy Cross Point
116,Geralda,Shoppee,gshoppee37@ihg.com,Male,817 Kenwood Lane
117,Kendrick,Jodrelle,kjodrelle38@pbs.org,Male,8 Melrose Lane
118,Cecilla,Kynoch,ckynoch39@feedburner.com,Genderqueer,90 Hansons Road
119,Patrice,Rooney,prooney3a@amazon.com,Polygender,26870 Del Sol Parkway
120,Othilie,Humberston,ohumberston3b@ustream.tv,Genderqueer,9441 Red Cloud Court
121,Oralle,Bottrell,obottrell3c@epa.gov,Genderfluid,0334 Merchant Alley
122,Leigha,Woollaston,lwoollaston3d@taobao.com,Genderqueer,474 Kinsman Drive
123,Elliot,Landa,elanda3e@mysql.com,Male,8771 Birchwood Street
124,Hillier,Woodruffe,hwoodruffe3f@netlog.com,Genderfluid,8 West Parkway
125,Lorrayne,Barrs,lbarrs3g@yale.edu,Male,71 Dawn Court
126,Francklyn,Wardall,fwardall3h@infoseek.co.jp,Polygender,386 Sommers Alley
127,Artair,Nias,anias3i@csmonitor.com,Polygender,347 Northfield Lane
128,Osborn,Brockwell,obrockwell3j@ca.gov,Genderfluid,45 3rd Pass
129,Otto,Beckenham,obeckenham3k@washingtonpost.com,Female,43901 Dryden Avenue
130,Reg,Boothebie,rboothebie3l@house.gov,Agender,7977 Marquette Trail
131,Fredrika,Holtom,fholtom3m@pen.io,Genderfluid,957 Main Plaza
132,Lezlie,Wyatt,lwyatt3n@amazon.co.uk,Bigender,1 Hooker Circle
133,Barry,Daddow,bdaddow3o@fema.gov,Female,9 Pennsylvania Point
134,Christiane,Willacot,cwillacot3p@reuters.com,Bigender,0963 Lakeland Street
135,Ann,Redmille,aredmille3q@weather.com,Male,843 Old Gate Trail
136,Erhart,Meredith,emeredith3r@google.fr,Male,00 Valley Edge Park
137,Theobald,Grabbam,tgrabbam3s@google.fr,Polygender,81 Lukken Pass
138,Goddard,Harrow,gharrow3t@youtu.be,Agender,56236 Hazelcrest Pass
139,Fredra,Humbles,fhumbles3u@oaic.gov.au,Non-binary,9 Anhalt Court
140,Denys,Pimlott,dpimlott3v@stumbleupon.com,Bigender,5 3rd Road
141,Gaspard,Dreakin,gdreakin3w@amazon.de,Female,206 Dryden Junction
142,Howard,Merigot,hmerigot3x@hibu.com,Agender,7711 Kedzie Junction
143,Gigi,Netherwood,gnetherwood3y@netscape.com,Male,4 Rowland Street
144,Arline,Ferrey,aferrey3z@pagesperso-orange.fr,Polygender,0661 Main Plaza
145,Maxy,Strippling,mstrippling40@mashable.com,Bigender,1252 Cambridge Court
146,Sam,Redolfi,sredolfi41@chicagotribune.com,Agender,67 Hollow Ridge Place
147,Kathryne,Crosson,kcrosson42@eepurl.com,Polygender,8213 Daystar Park
148,Betsy,Tomkowicz,btomkowicz43@qq.com,Non-binary,31500 Dovetail Hill
149,Loren,Wittman,lwittman44@mayoclinic.com,Genderfluid,8030 Tennyson Point
150,Emelyne,Millsom,emillsom45@t.co,Genderfluid,5303 Marquette Court
151,Danette,Ladell,dladell46@cbc.ca,Female,3 Claremont Court
152,Tiler,Ledner,tledner47@gmpg.org,Male,251 Duke Point
153,Darlene,Cluney,dcluney48@jalbum.net,Genderfluid,1441 Mcguire Alley
154,Alwyn,Keohane,akeohane49@mysql.com,Female,17 Dovetail Trail
155,Jeanna,Eacle,jeacle4a@google.de,Non-binary,53 Norway Maple Street
156,Valentine,Townend,vtownend4b@unc.edu,Genderfluid,9 Sutteridge Crossing
157,Dave,Robertsen,drobertsen4c@google.com.au,Agender,88075 Becker Plaza
158,Leila,Domanek,ldomanek4d@ask.com,Non-binary,4 Dottie Trail
159,Parker,Lodewick,plodewick4e@cpanel.net,Female,4887 American Ash Plaza
160,Gael,Neasam,gneasam4f@webmd.com,Agender,43 Eliot Court
161,Tannie,Lanmeid,tlanmeid4g@cornell.edu,Non-binary,782 Corscot Parkway
162,Fidelia,Humphris,fhumphris4h@senate.gov,Male,386 Merrick Way
163,Terry,Cholmondeley,tcholmondeley4i@naver.com,Polygender,8 Mandrake Place
164,Blithe,Jobling,bjobling4j@nbcnews.com,Genderfluid,2723 La Follette Terrace
165,Bethanne,Pheasey,bpheasey4k@phpbb.com,Genderfluid,9873 Schiller Avenue
166,Gianina,Webb-Bowen,gwebbbowen4l@about.com,Polygender,72978 Sunnyside Junction
167,Ursa,Oller,uoller4m@sitemeter.com,Polygender,17 Center Crossing
168,Rudie,Lande,rlande4n@purevolume.com,Polygender,582 Drewry Point
169,Dennie,Battin,dbattin4o@youtu.be,Male,86 Roxbury Junction
170,Farlee,Cumber,fcumber4p@wordpress.com,Male,4 Sycamore Way
171,Anatole,Knappett,aknappett4q@dot.gov,Agender,69 Melody Parkway
172,Hobard,Lomasny,hlomasny4r@japanpost.jp,Genderfluid,2947 Pepper Wood Road
173,Liuka,Nassau,lnassau4s@imageshack.us,Agender,9660 Sage Drive
174,Yetta,Fawssett,yfawssett4t@tripod.com,Agender,9394 Becker Avenue
175,Brady,Ciobutaru,bciobutaru4u@free.fr,Non-binary,4589 Morning Park
176,Jilleen,Scallon,jscallon4v@livejournal.com,Polygender,908 Prentice Parkway
177,Karel,Merle,kmerle4w@godaddy.com,Bigender,635 Butterfield Parkway
178,Christine,Podbury,cpodbury4x@i2i.jp,Male,41220 Victoria Place
179,Pietra,Shillaber,pshillaber4y@about.me,Non-binary,776 Lillian Drive
180,Mureil,Dudliston,mdudliston4z@biblegateway.com,Genderqueer,65796 Bobwhite Junction
181,Norine,Grattage,ngrattage50@devhub.com,Non-binary,728 Myrtle Point
182,Wileen,Golds,wgolds51@live.com,Non-binary,2 Fuller Drive
183,Florella,Tumber,ftumber52@github.com,Polygender,653 Lunder Center
184,Dore,McGing,dmcging53@state.gov,Genderfluid,12 Packers Hill
185,Barron,Steketee,bsteketee54@qq.com,Bigender,4696 Burning Wood Alley
186,Norrie,Kean,nkean55@histats.com,Male,3 Forster Center
187,Madelon,Cory,mcory56@aol.com,Agender,735 Jana Place
188,Rozella,Gidney,rgidney57@discuz.net,Male,25371 Caliangt Drive
189,Star,Millions,smillions58@about.com,Male,9683 Summit Drive
190,Alexander,Myott,amyott59@stanford.edu,Polygender,85 Lake View Way
191,Evangelina,Behnecke,ebehnecke5a@about.com,Non-binary,12268 Macpherson Street
192,Luci,Ilyushkin,lilyushkin5b@storify.com,Polygender,25602 Dorton Alley
193,Tamarah,Wort,twort5c@walmart.com,Polygender,1 Troy Hill
194,Shay,Nucator,snucator5d@eventbrite.com,Non-binary,764 Mcbride Place
195,Merill,Harvie,mharvie5e@loc.gov,Genderfluid,68 Oxford Lane
196,Ottilie,Speers,ospeers5f@skype.com,Non-binary,485 Victoria Center
197,Maxine,Lamberteschi,mlamberteschi5g@lulu.com,Male,57 Springview Parkway
198,Arlen,Hinge,ahinge5h@360.cn,Genderqueer,99168 Browning Terrace
199,Gizela,Hallwood,ghallwood5i@php.net,Agender,1225 Manufacturers Court
200,Drusilla,Swainson,dswainson5j@amazonaws.com,Female,7201 Scofield Court
201,Maddie,Swindles,mswindles5k@jigsy.com,Agender,2 Badeau Pass
202,Nev,Golsworthy,ngolsworthy5l@usda.gov,Male,78953 Farragut Place
203,Leoine,Mazdon,lmazdon5m@de.vu,Male,1 Ridgeway Road
204,Garv,Commings,gcommings5n@wix.com,Female,50905 Hazelcrest Center
205,Sheffie,Flannery,sflannery5o@jalbum.net,Genderqueer,2030 Evergreen Avenue
206,Olin,Workes,oworkes5p@cmu.edu,Polygender,25066 Brentwood Junction
207,Michele,Boness,mboness5q@umn.edu,Female,9 Clove Circle
208,Hendrika,Bedberry,hbedberry5r@cdbaby.com,Polygender,136 4th Center
209,Rip,Barajaz,rbarajaz5s@hao123.com,Bigender,7050 Cody Trail
210,Salvador,Elbourn,selbourn5t@domainmarket.com,Genderqueer,18050 Daystar Drive
211,Rayna,Eatherton,reatherton5u@ft.com,Agender,6 Monica Alley
212,Sheila-kathryn,Newall,snewall5v@dot.gov,Agender,384 Anzinger Point
213,Hyman,Ather,hather5w@pbs.org,Female,4 Ridgeview Pass
214,Jayne,Pirrie,jpirrie5x@chicagotribune.com,Polygender,17598 Cambridge Way
215,Rossie,Clappson,rclappson5y@cargocollective.com,Bigender,6 Anhalt Place
216,Paulo,Chopin,pchopin5z@nsw.gov.au,Agender,9 Corscot Point
217,Blancha,Winkell,bwinkell60@qq.com,Polygender,311 Gerald Crossing
218,Michel,Bellhanger,mbellhanger61@networksolutions.com,Bigender,82060 Monica Place
219,Derward,Matthis,dmatthis62@weebly.com,Bigender,1876 Packers Center
220,Nesta,McAvaddy,nmcavaddy63@lycos.com,Genderqueer,04263 Del Mar Pass
221,Alie,Murt,amurt64@biblegateway.com,Male,89 Independence Court
222,Chlo,Constantinou,cconstantinou65@gnu.org,Female,09797 Packers Terrace
223,Beverie,Shaplin,bshaplin66@ted.com,Female,94997 Springs Hill
224,Zacharie,Grattan,zgrattan67@people.com.cn,Agender,66033 Maple Avenue
225,Hernando,Izakovitz,hizakovitz68@amazon.com,Non-binary,58 Esker Avenue
226,Richy,Attew,rattew69@xing.com,Agender,5797 Arrowood Drive
227,Flori,Vassall,fvassall6a@weibo.com,Male,8201 Union Pass
228,Kym,Grzeszczyk,kgrzeszczyk6b@issuu.com,Genderfluid,3 Anderson Drive
229,Katharina,Pizzie,kpizzie6c@timesonline.co.uk,Bigender,80 Brentwood Street
230,Tandy,Biers,tbiers6d@mac.com,Non-binary,781 Shelley Drive
231,Janice,Lumber,jlumber6e@army.mil,Male,545 Carey Point
232,Saunderson,Littlechild,slittlechild6f@multiply.com,Male,1533 Derek Pass
233,Celie,Brennand,cbrennand6g@omniture.com,Non-binary,4 Sullivan Terrace
234,Pepita,Enrich,penrich6h@cargocollective.com,Genderfluid,6115 Merchant Road
235,Kally,Darlasson,kdarlasson6i@miibeian.gov.cn,Agender,169 Garrison Avenue
236,Kissiah,Trammel,ktrammel6j@cisco.com,Non-binary,2 Sherman Center
237,Gilberta,Liddington,gliddington6k@edublogs.org,Agender,3184 Vera Drive
238,Lauralee,Murrhardt,lmurrhardt6l@vimeo.com,Non-binary,4 Bartillon Avenue
239,Dora,Boch,dboch6m@sogou.com,Genderqueer,512 Erie Alley
240,Feliks,Cram,fcram6n@slideshare.net,Female,48178 Stuart Trail
241,Julie,de Guerre,jdeguerre6o@edublogs.org,Non-binary,11827 Mallard Drive
242,Brandtr,Larcher,blarcher6p@comsenz.com,Female,811 Melrose Plaza
243,Hamnet,Critoph,hcritoph6q@facebook.com,Female,045 Mifflin Center
244,Bella,Mesnard,bmesnard6r@time.com,Genderfluid,8 Ridge Oak Hill
245,Essa,Silly,esilly6s@nature.com,Genderqueer,2705 Fieldstone Lane
246,Bertrando,Hitscher,bhitscher6t@photobucket.com,Male,92 6th Road
247,Guillema,Manie,gmanie6u@shutterfly.com,Female,296 Carberry Crossing
248,Fidelity,Isworth,fisworth6v@ifeng.com,Bigender,9258 Mitchell Alley
249,Bertrando,Lutz,blutz6w@microsoft.com,Female,9 Dorton Park
250,Gilda,Bagehot,gbagehot6x@themeforest.net,Female,3 Reindahl Avenue
251,Merline,Antosch,mantosch6y@thetimes.co.uk,Bigender,33 Doe Crossing Junction
252,Reagan,Gerrels,rgerrels6z@usda.gov,Polygender,66791 Park Meadow Circle
253,Queenie,Sommers,qsommers70@reddit.com,Bigender,04 Barnett Pass
254,Nissa,Sizland,nsizland71@xinhuanet.com,Male,1 Loeprich Junction
255,Ara,Blyth,ablyth72@moonfruit.com,Agender,15017 Rutledge Point
256,Mohammed,Roderigo,mroderigo73@pinterest.com,Polygender,6946 Larry Place
257,Mose,Masdin,mmasdin74@time.com,Genderqueer,2312 Aberg Place
258,Paquito,Timson,ptimson75@exblog.jp,Bigender,06 Fieldstone Lane
259,Tommie,Alecock,talecock76@smugmug.com,Bigender,29155 Namekagon Trail
260,Rudolfo,Penke,rpenke77@washington.edu,Genderqueer,81605 Arrowood Terrace
261,Gibb,Cuthill,gcuthill78@mit.edu,Genderfluid,5956 Hansons Center
262,Maisie,Jouhning,mjouhning79@sciencedirect.com,Polygender,94825 Hoepker Terrace
263,Fraser,Drohun,fdrohun7a@wiley.com,Non-binary,49 Dayton Drive
264,Torre,Dumbare,tdumbare7b@free.fr,Female,0 Melvin Circle
265,Gordie,Waszczyk,gwaszczyk7c@wisc.edu,Male,00749 Thackeray Way
266,Gifford,Muehler,gmuehler7d@vinaora.com,Polygender,208 Magdeline Circle
267,Dina,Dorr,ddorr7e@freewebs.com,Polygender,373 Dorton Avenue
268,Bunni,Phipps,bphipps7f@buzzfeed.com,Bigender,7 Ilene Alley
269,Desmund,Hammer,dhammer7g@ed.gov,Female,661 Ruskin Terrace
270,Larissa,Millar,lmillar7h@boston.com,Genderfluid,64 Lakewood Gardens Point
271,Thomasina,Baswall,tbaswall7i@smh.com.au,Female,4044 Nevada Drive
272,Haily,Itzhayek,hitzhayek7j@samsung.com,Male,77478 Huxley Point
273,Caro,Ipsley,cipsley7k@ebay.com,Genderfluid,96703 South Alley
274,Matthaeus,Inskipp,minskipp7l@mapy.cz,Bigender,917 Havey Place
275,Kaiser,Freeborn,kfreeborn7m@google.fr,Female,770 Tennessee Lane
276,Torrance,Farrow,tfarrow7n@addtoany.com,Female,1 Declaration Circle
277,Kalila,Glancey,kglancey7o@yahoo.co.jp,Polygender,719 Nancy Terrace
278,Stacey,Shrive,sshrive7p@psu.edu,Male,78770 Maryland Terrace
279,Audre,McKeown,amckeown7q@shinystat.com,Female,977 Scofield Hill
280,Burlie,Sacker,bsacker7r@github.io,Genderfluid,60294 3rd Road
281,Helsa,Krugmann,hkrugmann7s@php.net,Bigender,71429 Luster Court
282,Zolly,Alldred,zalldred7t@baidu.com,Female,22 Bartillon Junction
283,Joete,Polotti,jpolotti7u@stanford.edu,Genderfluid,644 Northland Drive
284,Dedra,Warters,dwarters7v@slashdot.org,Agender,669 Pine View Parkway
285,Carree,Pardie,cpardie7w@cafepress.com,Genderfluid,37 Springs Avenue
286,Marilyn,Dennison,mdennison7x@toplist.cz,Genderqueer,2 Sunfield Center
287,Konstantin,Maffey,kmaffey7y@nature.com,Genderqueer,83363 Eagle Crest Crossing
288,Wanda,Druce,wdruce7z@gmpg.org,Genderfluid,6 Bluestem Court
289,Vaughn,Mannering,vmannering80@networkadvertising.org,Polygender,4 Vermont Park
290,Christy,Serle,cserle81@xrea.com,Genderqueer,28165 Arkansas Park
291,Korrie,Simonett,ksimonett82@dailymail.co.uk,Polygender,21 Morrow Plaza
292,Brook,Yellowlee,byellowlee83@fema.gov,Male,035 Stuart Pass
293,Tessi,Fidilis,tfidilis84@51.la,Genderqueer,2264 Haas Point
294,Wilow,Shalliker,wshalliker85@de.vu,Female,546 Grover Parkway
295,Milissent,Yven,myven86@acquirethisname.com,Agender,5876 Ludington Hill
296,Leonelle,Cleland,lcleland87@pagesperso-orange.fr,Polygender,1 Fremont Way
297,Georgi,Kiley,gkiley88@yale.edu,Bigender,05 Weeping Birch Road
298,Genevieve,Calwell,gcalwell89@java.com,Bigender,6731 Dahle Pass
299,Angelo,Mashro,amashro8a@de.vu,Bigender,631 Buell Court
300,Sullivan,Towll,stowll8b@jugem.jp,Female,611 Ramsey Circle
301,Orelia,Madders,omadders8c@chron.com,Bigender,83195 Boyd Lane
302,Rica,Achurch,rachurch8d@google.ca,Genderfluid,23512 Sycamore Center
303,Cherrita,Tatum,ctatum8e@google.de,Genderfluid,7 Charing Cross Place
304,Joshia,Lunt,jlunt8f@de.vu,Male,6001 Armistice Point
305,Adorne,Tuberfield,atuberfield8g@who.int,Genderqueer,6318 Westridge Center
306,Evvie,Hellewell,ehellewell8h@themeforest.net,Genderfluid,6 Express Alley
307,Glenn,Piatek,gpiatek8i@kickstarter.com,Bigender,0047 School Lane
308,Pauli,Wordesworth,pwordesworth8j@msn.com,Bigender,3 Forest Place
309,Duff,Minelli,dminelli8k@reddit.com,Genderfluid,87241 Northport Avenue
310,Bonnee,Doggerell,bdoggerell8l@php.net,Non-binary,3 Dahle Alley
311,Cliff,Nornasell,cnornasell8m@geocities.com,Non-binary,8854 Anhalt Road
312,Darci,Brabben,dbrabben8n@aol.com,Male,7077 Nobel Place
313,Sibyl,Shorter,sshorter8o@elpais.com,Female,72 Boyd Court
314,Alexandros,Pryell,apryell8p@vk.com,Bigender,8214 Logan Way
315,Bertine,Uttley,buttley8q@github.com,Genderfluid,76 Butterfield Point
316,Jo,Kiddey,jkiddey8r@ucsd.edu,Non-binary,76387 Holmberg Court
317,Viva,Loghan,vloghan8s@usa.gov,Polygender,41637 Gale Crossing
318,Ketty,Burnyeat,kburnyeat8t@icio.us,Non-binary,91627 David Crossing
319,Codi,Taberer,ctaberer8u@elegantthemes.com,Polygender,6 Buhler Street
320,Jenn,Soulsby,jsoulsby8v@over-blog.com,Female,0884 Reinke Avenue
321,Aland,Kobpa,akobpa8w@free.fr,Bigender,54773 Golden Leaf Terrace
322,Humberto,Galway,hgalway8x@istockphoto.com,Agender,50989 Mockingbird Parkway
323,Berti,Hendin,bhendin8y@java.com,Female,1925 Roxbury Trail
324,Jobie,Paddison,jpaddison8z@stumbleupon.com,Polygender,96549 Nevada Plaza
325,Janka,Pasticznyk,jpasticznyk90@51.la,Bigender,5119 Everett Avenue
326,Gillan,Minett,gminett91@dagondesign.com,Genderqueer,6233 Donald Point
327,Leonie,Chalcroft,lchalcroft92@apache.org,Genderqueer,6 Anderson Pass
328,Arnoldo,Jiroutek,ajiroutek93@newsvine.com,Genderfluid,78 Mcguire Court
329,Ivonne,Brophy,ibrophy94@marriott.com,Bigender,5043 Arapahoe Point
330,Ciel,Bottoner,cbottoner95@kickstarter.com,Agender,3883 Vernon Road
331,Florencia,Scottini,fscottini96@sciencedaily.com,Bigender,11588 Merry Terrace
332,Gwendolen,Scrivin,gscrivin97@indiatimes.com,Polygender,8 Vermont Place
333,Faye,Edie,fedie98@nps.gov,Genderfluid,64 Declaration Pass
334,Rolph,Stempe,rstempe99@slashdot.org,Genderqueer,84 Maywood Alley
335,Chloette,Fenck,cfenck9a@google.co.jp,Genderqueer,50 Sutteridge Way
336,Alyce,Garett,agarett9b@t-online.de,Bigender,6 Ruskin Avenue
337,Wesley,Spehr,wspehr9c@over-blog.com,Genderfluid,453 Wayridge Junction
338,Leonelle,Wyleman,lwyleman9d@tuttocitta.it,Polygender,2683 Dixon Parkway
339,Klarika,Quene,kquene9e@hostgator.com,Male,11287 Harbort Park
340,Bernie,Cosin,bcosin9f@time.com,Polygender,959 Bultman Place
341,Conny,Meachan,cmeachan9g@oracle.com,Bigender,39068 Mesta Center
342,Erich,Bulleyn,ebulleyn9h@deviantart.com,Male,332 Lotheville Parkway
343,Lilyan,Gier,lgier9i@wikispaces.com,Genderfluid,85665 Fulton Center
344,Damiano,Gutridge,dgutridge9j@github.com,Female,18086 Anhalt Terrace
345,Jillene,Ketteridge,jketteridge9k@miibeian.gov.cn,Genderfluid,2 Dottie Court
346,Hercule,Pietruszka,hpietruszka9l@t-online.de,Genderqueer,3430 Saint Paul Park
347,Sheilah,Ballister,sballister9m@examiner.com,Female,58205 Mariners Cove Way
348,Rene,Rumble,rrumble9n@qq.com,Polygender,655 Cody Street
349,Way,McCorley,wmccorley9o@imdb.com,Bigender,6297 Charing Cross Court
350,Brenn,Wood,bwood9p@usnews.com,Female,1190 Luster Way
351,Wanids,Ewert,wewert9q@dropbox.com,Female,21088 Surrey Street
352,Tarah,Bardey,tbardey9r@mapquest.com,Agender,0941 Texas Junction
353,Pierrette,Halliberton,phalliberton9s@merriam-webster.com,Non-binary,646 Oxford Alley
354,Fernando,Conochie,fconochie9t@t-online.de,Polygender,55711 Pepper Wood Junction
355,Ailina,Itzhayek,aitzhayek9u@ocn.ne.jp,Genderfluid,83471 Talmadge Street
356,Corabella,Galland,cgalland9v@discuz.net,Male,19068 Talmadge Alley
357,Nikaniki,Pegden,npegden9w@infoseek.co.jp,Male,61 Granby Plaza
358,Tamarah,Collingridge,tcollingridge9x@wikimedia.org,Non-binary,671 Hermina Court
359,Aggy,Trundler,atrundler9y@gov.uk,Male,13 Brown Street
360,Helyn,McIllrick,hmcillrick9z@oaic.gov.au,Female,99528 Continental Lane
361,Martha,McColgan,mmccolgana0@blogtalkradio.com,Genderfluid,63 Bluestem Plaza
362,Netty,Kinsett,nkinsetta1@seesaa.net,Female,232 Wayridge Circle
363,Linn,Kirlin,lkirlina2@foxnews.com,Polygender,1717 Longview Way
364,Tabbitha,Bradnam,tbradnama3@buzzfeed.com,Genderfluid,23 Carioca Avenue
365,Errick,Stonner,estonnera4@mozilla.org,Agender,53069 Cody Trail
366,Joellyn,Tyer,jtyera5@zimbio.com,Polygender,4 Straubel Road
367,Gregory,Deeny,gdeenya6@tripod.com,Non-binary,4 Johnson Point
368,Gerrard,Ammer,gammera7@oakley.com,Agender,93003 Atwood Terrace
369,Liuka,Castaner,lcastanera8@arizona.edu,Polygender,98304 Barby Lane
370,Grethel,Schulz,gschulza9@google.co.uk,Female,170 Darwin Crossing
371,Becca,Trowel,btrowelaa@odnoklassniki.ru,Female,553 Stoughton Junction
372,Emmerich,MacRedmond,emacredmondab@1688.com,Agender,21412 Cardinal Alley
373,Moshe,Benterman,mbentermanac@dmoz.org,Male,3438 Monterey Hill
374,Anissa,Edgley,aedgleyad@forbes.com,Male,35 Starling Parkway
375,Judie,Wimbush,jwimbushae@fema.gov,Genderfluid,92780 Rieder Terrace
376,Clemente,Bartlett,cbartlettaf@omniture.com,Female,5646 Red Cloud Parkway
377,Zsa zsa,Francello,zfrancelloag@google.co.uk,Bigender,07080 Comanche Junction
378,Eduardo,Vardey,evardeyah@abc.net.au,Male,270 Carberry Crossing
379,Eleanore,Arnholtz,earnholtzai@smugmug.com,Polygender,21 Superior Pass
380,Brook,Huygens,bhuygensaj@arstechnica.com,Female,263 Steensland Road
381,Val,Almond,valmondak@canalblog.com,Female,43569 Meadow Vale Parkway
382,Miller,Rucklidge,mrucklidgeal@smh.com.au,Bigender,2876 Daystar Hill
383,Twila,Lillywhite,tlillywhiteam@opensource.org,Genderqueer,15 6th Drive
384,Price,Broschek,pbroschekan@mysql.com,Female,68 Lyons Avenue
385,Dodi,Pietrowski,dpietrowskiao@cbsnews.com,Agender,7163 Carey Street
386,Phillida,Goford,pgofordap@wiley.com,Non-binary,79 Raven Lane
387,Cissy,Davie,cdavieaq@weather.com,Female,9 Harbort Drive
388,Maude,Ebertz,mebertzar@earthlink.net,Polygender,96808 Sage Plaza
389,Trey,Arney,tarneyas@yellowpages.com,Polygender,10 Warbler Center
390,Artus,Keson,akesonat@google.nl,Male,47 Spenser Street
391,Ashton,Peirpoint,apeirpointau@hp.com,Bigender,40 Fremont Alley
392,Gratia,Bansal,gbansalav@bigcartel.com,Agender,1 Magdeline Avenue
393,Torrie,Feedome,tfeedomeaw@house.gov,Polygender,34 Hudson Pass
394,Jewelle,Timmis,jtimmisax@altervista.org,Male,3731 Morning Alley
395,Patton,Edmunds,pedmundsay@miibeian.gov.cn,Female,72399 Roth Crossing
396,Celie,Haimes,chaimesaz@walmart.com,Genderfluid,15 Mcbride Point
397,Cesare,MacMaster,cmacmasterb0@ted.com,Bigender,70832 Sullivan Street
398,Wells,Dabinett,wdabinettb1@mediafire.com,Genderfluid,6 Trailsway Parkway
399,Barney,Hamil,bhamilb2@dyndns.org,Genderqueer,476 David Plaza
400,Logan,Sarginson,lsarginsonb3@wordpress.org,Genderqueer,892 East Court
401,Gabbie,Swainson,gswainsonb4@chron.com,Female,65717 Hollow Ridge Center
402,Sloane,Nasi,snasib5@spotify.com,Genderfluid,921 Merry Road
403,Whitman,Trodden,wtroddenb6@tumblr.com,Non-binary,19710 Twin Pines Way
404,Godart,Bigrigg,gbigriggb7@blogspot.com,Male,988 Evergreen Center
405,Ophelie,Salvin,osalvinb8@themeforest.net,Agender,487 Shelley Terrace
406,Christen,Abercrombie,cabercrombieb9@reference.com,Female,032 Cottonwood Lane
407,Elliot,Buttler,ebuttlerba@dailymotion.com,Non-binary,640 Pankratz Way
408,Lela,Gainsford,lgainsfordbb@princeton.edu,Genderqueer,2006 Leroy Trail
409,Kamila,Lindell,klindellbc@squidoo.com,Male,85 Stoughton Pass
410,Genny,Routledge,groutledgebd@ftc.gov,Male,29911 Pine View Alley
411,Briana,Bruhnsen,bbruhnsenbe@whitehouse.gov,Genderqueer,2 Paget Lane
412,Aubine,Rowlands,arowlandsbf@nps.gov,Bigender,9646 Oriole Drive
413,Shae,Bucky,sbuckybg@a8.net,Female,9 Northview Avenue
414,Phylys,Achrameev,pachrameevbh@walmart.com,Male,87764 Morning Park
415,Guillema,Creighton,gcreightonbi@google.de,Non-binary,0 Sheridan Circle
416,Meir,Dyhouse,mdyhousebj@devhub.com,Male,2315 Lotheville Lane
417,Darnall,Fealy,dfealybk@bing.com,Female,8707 Bunting Avenue
418,Catlee,Metterick,cmetterickbl@51.la,Male,483 Parkside Court
419,Cecilius,Halburton,chalburtonbm@newsvine.com,Genderfluid,96 Mockingbird Junction
420,Gualterio,Sheraton,gsheratonbn@multiply.com,Female,18 South Hill
421,Lorrie,Turri,lturribo@disqus.com,Polygender,46307 Fuller Crossing
422,Kimmi,Beresford,kberesfordbp@google.pl,Genderqueer,1584 Grim Point
423,William,Blofield,wblofieldbq@ebay.com,Polygender,34 Birchwood Avenue
424,Marys,Venes,mvenesbr@bbb.org,Polygender,022 Pennsylvania Road
425,Yank,Ashley,yashleybs@youtu.be,Agender,3957 Hovde Circle
426,Dalli,Stockoe,dstockoebt@icq.com,Genderqueer,875 Mendota Street
427,Rawley,Sillick,rsillickbu@123-reg.co.uk,Polygender,510 Macpherson Alley
428,Jimmy,Plowright,jplowrightbv@stumbleupon.com,Agender,45 Heath Way
429,Kayley,Redford,kredfordbw@java.com,Agender,1 Basil Drive
430,Lynette,Bogart,lbogartbx@mit.edu,Male,95 Dixon Center
431,Tanhya,Yerlett,tyerlettby@xinhuanet.com,Genderfluid,3525 Upham Point
432,Olga,Huyghe,ohuyghebz@etsy.com,Male,31508 Logan Hill
433,Noland,Spinke,nspinkec0@reuters.com,Genderfluid,5 Summer Ridge Pass
434,Bree,Mitchely,bmitchelyc1@shop-pro.jp,Female,6888 North Terrace
435,Kitti,Djorvic,kdjorvicc2@spotify.com,Female,7 1st Point
436,Thoma,Yegoshin,tyegoshinc3@opera.com,Genderqueer,333 Westend Parkway
437,Amber,Wharf,awharfc4@nytimes.com,Female,533 Maple Wood Hill
438,Demetra,Gniewosz,dgniewoszc5@fc2.com,Polygender,4 Red Cloud Trail
439,Dinnie,Lorand,dlorandc6@live.com,Female,326 Anzinger Court
440,Carlos,Shetliff,cshetliffc7@stanford.edu,Agender,752 Crescent Oaks Point
441,Anastasia,McInnes,amcinnesc8@yandex.ru,Genderqueer,33 Service Alley
442,Bernice,Von Gladbach,bvongladbachc9@people.com.cn,Polygender,9715 Stoughton Crossing
443,Dasi,Rodgman,drodgmanca@vimeo.com,Bigender,5 Gerald Street
444,Kattie,Fittis,kfittiscb@seesaa.net,Female,347 Clyde Gallagher Road
445,Jodi,Nassey,jnasseycc@sakura.ne.jp,Male,322 Packers Point
446,Olimpia,Spelling,ospellingcd@mit.edu,Genderqueer,6910 Glendale Junction
447,Hester,Currington,hcurringtonce@360.cn,Non-binary,636 Melby Hill
448,Violante,Vanyarkin,vvanyarkincf@discovery.com,Agender,1 Corry Alley
449,Brian,Rubbens,brubbenscg@washingtonpost.com,Non-binary,27 Lukken Trail
450,Andy,Marte,amartech@java.com,Bigender,7 Loeprich Junction
451,Jermain,Duester,jduesterci@meetup.com,Genderqueer,9 Tony Avenue
452,Arabel,Jakes,ajakescj@aol.com,Genderfluid,887 Commercial Junction
453,Carver,O'Doran,codoranck@state.tx.us,Female,66 Tomscot Road
454,Marcille,Kollasch,mkollaschcl@illinois.edu,Bigender,63 Columbus Crossing
455,Hall,Pennycuick,hpennycuickcm@quantcast.com,Female,368 Boyd Hill
456,Lindy,Pessel,lpesselcn@umn.edu,Agender,6011 Golf Plaza
457,Brianne,Ladds,bladdsco@tiny.cc,Female,906 Sage Point
458,Olia,Dionisi,odionisicp@dropbox.com,Genderqueer,3830 Cambridge Road
459,Minnaminnie,Colcutt,mcolcuttcq@mediafire.com,Male,84 Dunning Street
460,Edik,Waberer,ewaberercr@deliciousdays.com,Genderfluid,14 Carioca Court
461,Alfy,Lovett,alovettcs@netvibes.com,Polygender,09 Swallow Junction
462,Carmina,Gebbie,cgebbiect@tinypic.com,Genderqueer,9 Anderson Avenue
463,Brittany,Lochet,blochetcu@woothemes.com,Polygender,950 Marquette Circle
464,Rolfe,Lebond,rlebondcv@springer.com,Genderfluid,63 Homewood Circle
465,Hillary,Hounsom,hhounsomcw@imageshack.us,Female,4110 Summit Drive
466,Gabbie,Van Der Straaten,gvanderstraatencx@adobe.com,Bigender,9116 Green Center
467,Caitrin,Espada,cespadacy@google.cn,Bigender,7275 Vera Drive
468,Lexy,Duggon,lduggoncz@tripod.com,Genderqueer,535 Columbus Parkway
469,Ingmar,Maving,imavingd0@cyberchimps.com,Female,692 Maple Wood Park
470,Ellyn,Gaskall,egaskalld1@ezinearticles.com,Agender,5 Melrose Pass
471,Marina,Dancer,mdancerd2@sfgate.com,Female,977 Kensington Crossing
472,Stavros,Yurocjkin,syurocjkind3@cpanel.net,Non-binary,9 Crownhardt Place
473,Nonnah,Osbaldstone,nosbaldstoned4@squidoo.com,Polygender,9777 Stone Corner Point
474,Dannie,Smalridge,dsmalridged5@auda.org.au,Female,154 Browning Street
475,Gawen,Gores,ggoresd6@rakuten.co.jp,Non-binary,012 Marcy Crossing
476,Britteny,Kemet,bkemetd7@domainmarket.com,Agender,4 Kipling Plaza
477,Ernestine,Severn,esevernd8@furl.net,Bigender,66 Melby Way
478,Fiorenze,Killingworth,fkillingworthd9@eventbrite.com,Female,27 Ronald Regan Way
479,Catherina,Edwinson,cedwinsonda@scientificamerican.com,Genderfluid,000 Service Terrace
480,Del,McKelvie,dmckelviedb@businessweek.com,Genderqueer,75520 Hanover Terrace
481,Marketa,Savery,msaverydc@omniture.com,Male,3 Quincy Park
482,Dukie,Belden,dbeldendd@accuweather.com,Genderqueer,983 Nova Court
483,Lutero,McLaughlin,lmclaughlinde@drupal.org,Genderqueer,288 International Hill
484,Teddy,Skim,tskimdf@usatoday.com,Genderfluid,26 Everett Place
485,Charyl,Kersting,ckerstingdg@yelp.com,Female,9 Hallows Circle
486,Bonnee,Lanmeid,blanmeiddh@nih.gov,Non-binary,40 Ridge Oak Street
487,Irita,Oxenbury,ioxenburydi@ebay.co.uk,Bigender,897 Portage Hill
488,Vidovik,Hollindale,vhollindaledj@weebly.com,Genderqueer,9903 Roxbury Avenue
489,Virgil,Horwell,vhorwelldk@forbes.com,Male,5123 7th Court
490,Aurora,Carlson,acarlsondl@myspace.com,Non-binary,10386 Southridge Parkway
491,Davon,Algore,dalgoredm@guardian.co.uk,Female,34 Lighthouse Bay Place
492,Odette,Strond,ostronddn@jigsy.com,Genderfluid,231 Gateway Crossing
493,Jabez,Turfitt,jturfittdo@tripod.com,Female,15524 Corry Place
494,Glori,Skim,gskimdp@hugedomains.com,Non-binary,66 Comanche Court
495,Roxi,Jent,rjentdq@xrea.com,Agender,6851 Butternut Park
496,Ettore,Manthorpe,emanthorpedr@discovery.com,Non-binary,54 Gerald Hill
497,Charissa,Stimpson,cstimpsonds@flickr.com,Genderfluid,3 Fieldstone Point
498,Christian,Westmerland,cwestmerlanddt@wikimedia.org,Female,079 John Wall Drive
499,Babb,Ellit,bellitdu@pbs.org,Polygender,5902 Pepper Wood Drive
500,Willetta,Peniello,wpeniellodv@weibo.com,Polygender,58 West Crossing
501,Kania,Ysson,kyssondw@tinyurl.com,Male,53834 Stoughton Junction
502,Bren,Domerq,bdomerqdx@mayoclinic.com,Agender,4 Lukken Street
503,Coleman,Holme,cholmedy@cdbaby.com,Bigender,8 Warrior Hill
504,Torrey,Rowatt,trowattdz@cnbc.com,Genderqueer,7504 Glendale Road
505,Loise,Yegorshin,lyegorshine0@barnesandnoble.com,Polygender,88861 Lillian Place
506,Berri,Emm,bemme1@hugedomains.com,Non-binary,51317 Pond Avenue
507,Duane,Chazier,dchaziere2@zimbio.com,Female,13055 Forest Dale Place
508,Vicky,McDonagh,vmcdonaghe3@ucoz.ru,Bigender,697 Dottie Way
509,Zuzana,Cawthry,zcawthrye4@wikispaces.com,Polygender,29 Mandrake Way
510,Brandtr,Spoors,bspoorse5@diigo.com,Bigender,57362 Continental Place
511,Fielding,Tudor,ftudore6@miitbeian.gov.cn,Agender,657 Loomis Street
512,Gregoor,Darrach,gdarrache7@jimdo.com,Polygender,2 Corry Place
513,Briana,Shanklin,bshankline8@live.com,Female,381 Longview Hill
514,Ailina,Ludye,aludyee9@comcast.net,Male,37 Basil Center
515,Wynn,Grenfell,wgrenfellea@europa.eu,Genderqueer,516 Summit Place
516,Marv,Manna,mmannaeb@google.es,Male,619 Killdeer Center
517,Vanda,Kamiyama,vkamiyamaec@nytimes.com,Polygender,5 American Alley
518,Lexy,Campsall,lcampsalled@phpbb.com,Agender,87326 Lillian Point
519,Hubey,Howley,hhowleyee@blogtalkradio.com,Agender,78983 Vermont Street
520,Loralie,Ferreres,lferreresef@cocolog-nifty.com,Non-binary,88 Corben Trail
521,Audra,Chilcotte,achilcotteeg@dedecms.com,Genderfluid,2 Dixon Circle
522,Hew,Adolf,hadolfeh@webeden.co.uk,Polygender,3 Nova Crossing
523,Ardyth,Smails,asmailsei@quantcast.com,Genderfluid,7 Green Way
524,Bar,Hackey,bhackeyej@yandex.ru,Genderfluid,299 Thompson Lane
525,Westley,Smurfit,wsmurfitek@google.com,Male,92 Kenwood Alley
526,Melly,Mogford,mmogfordel@facebook.com,Non-binary,25073 Manley Lane
527,Nollie,Poizer,npoizerem@ning.com,Non-binary,704 Cardinal Place
528,Welby,Tomczykowski,wtomczykowskien@usda.gov,Genderfluid,6 Hoffman Alley
529,Silvia,Shire,sshireeo@newsvine.com,Non-binary,46 Mosinee Way
530,Ynez,Heckle,yheckleep@altervista.org,Non-binary,70 Sunfield Point
531,Fraser,Kerrod,fkerrodeq@baidu.com,Genderqueer,82 Jay Point
532,Buck,McClaughlin,bmcclaughliner@sbwire.com,Male,7553 Monument Road
533,Boonie,Bradbeer,bbradbeeres@ucla.edu,Polygender,89914 Reinke Lane
534,Athena,Radin,aradinet@opera.com,Bigender,615 Del Sol Lane
535,Roxi,Draycott,rdraycotteu@usatoday.com,Female,37 Hoard Hill
536,Gayel,Greguol,ggreguolev@google.co.uk,Genderfluid,378 Monterey Pass
537,Odelle,Westrey,owestreyew@illinois.edu,Male,2 Killdeer Road
538,Katina,De Michele,kdemicheleex@omniture.com,Female,3761 Ludington Point
539,Halli,L' Anglois,hlangloisey@globo.com,Agender,8427 Blackbird Circle
540,Dena,Heinonen,dheinonenez@gizmodo.com,Agender,766 Caliangt Pass
541,Noak,Cases,ncasesf0@spotify.com,Genderfluid,56762 Corben Pass
542,Emmy,Soreau,esoreauf1@so-net.ne.jp,Bigender,72 Jenna Trail
543,Derrek,Kibby,dkibbyf2@people.com.cn,Non-binary,35073 Graceland Street
544,Marleah,Trustie,mtrustief3@independent.co.uk,Female,71818 Paget Pass
545,Irwin,Oxbrow,ioxbrowf4@blinklist.com,Polygender,2 Cordelia Avenue
546,Delores,Eamer,deamerf5@imageshack.us,Genderqueer,21633 Porter Road
547,Tommy,Veldens,tveldensf6@jalbum.net,Genderfluid,40 Randy Road
548,Thalia,Shields,tshieldsf7@umn.edu,Non-binary,23434 Anzinger Way
549,Adelaida,Bishell,abishellf8@vkontakte.ru,Bigender,89020 Dahle Pass
550,Claudine,Bridgman,cbridgmanf9@cnn.com,Non-binary,06813 Ridgeview Crossing
551,Umberto,Kuhnke,ukuhnkefa@narod.ru,Genderfluid,4691 Basil Road
552,Geoff,Colebourne,gcolebournefb@webeden.co.uk,Genderfluid,76 Eggendart Point
553,Magnum,O'Glessane,moglessanefc@trellian.com,Non-binary,805 Ruskin Plaza
554,Aland,Hellier,ahellierfd@unc.edu,Male,48 Reindahl Alley
555,Justinian,Porcher,jporcherfe@google.ca,Female,0 Victoria Lane
556,Christie,Baltrushaitis,cbaltrushaitisff@webnode.com,Agender,908 Arrowood Plaza
557,Jerome,Meller,jmellerfg@spiegel.de,Non-binary,70 Scofield Parkway
558,Melodie,Hockey,mhockeyfh@constantcontact.com,Agender,29 Kropf Drive
559,Joelynn,Godley,jgodleyfi@usnews.com,Male,8043 Express Street
560,Lock,Millery,lmilleryfj@mtv.com,Male,42565 Vahlen Way
561,Maxi,Swannack,mswannackfk@mac.com,Bigender,6 Pawling Road
562,Teddie,Foddy,tfoddyfl@salon.com,Bigender,6 Derek Lane
563,Calvin,Domke,cdomkefm@unicef.org,Bigender,8448 Hudson Street
564,Amalle,Spink,aspinkfn@theguardian.com,Genderfluid,89044 Mcbride Junction
565,Kym,Dolbey,kdolbeyfo@goodreads.com,Genderfluid,051 Swallow Place
566,Zola,Gogarty,zgogartyfp@jugem.jp,Non-binary,1282 Truax Center
567,Garnet,Hellin,ghellinfq@narod.ru,Female,2 Florence Way
568,Vance,Lawie,vlawiefr@networkadvertising.org,Male,3 Sutherland Trail
569,Jess,Merrien,jmerrienfs@elegantthemes.com,Non-binary,60 Killdeer Point
570,Nicolas,Smullen,nsmullenft@lycos.com,Non-binary,677 Mockingbird Terrace
571,Jared,Brucker,jbruckerfu@blog.com,Genderqueer,58 Stang Hill
572,Alberta,Duesbury,aduesburyfv@bluehost.com,Genderqueer,020 Daystar Place
573,Merilyn,Plak,mplakfw@gnu.org,Agender,45283 Londonderry Avenue
574,Bea,Gladdin,bgladdinfx@flavors.me,Agender,6564 Meadow Ridge Avenue
575,Beale,Wigfield,bwigfieldfy@technorati.com,Female,7 Swallow Point
576,Gilberta,Abrahmovici,gabrahmovicifz@jigsy.com,Polygender,9640 Warrior Pass
577,Pearce,Dell,pdellg0@typepad.com,Genderqueer,5507 Eagle Crest Alley
578,Dosi,Emptage,demptageg1@naver.com,Genderqueer,828 Magdeline Way
579,Bevin,Gwinnel,bgwinnelg2@amazon.co.jp,Male,2390 Holy Cross Crossing
580,Emeline,Jendrys,ejendrysg3@ifeng.com,Non-binary,32030 Hollow Ridge Alley
581,Parker,Sondon,psondong4@sciencedirect.com,Female,4 Dunning Parkway
582,Johan,Sore,jsoreg5@army.mil,Polygender,100 Bellgrove Point
583,Stacey,Heys,sheysg6@whitehouse.gov,Agender,1 Barby Point
584,Veronica,Rosewarne,vrosewarneg7@youku.com,Male,555 Meadow Ridge Alley
585,Erinn,Orpyne,eorpyneg8@devhub.com,Genderfluid,7 Esch Place
586,Shandra,Plumm,splummg9@woothemes.com,Non-binary,23 Merrick Parkway
587,Maryrose,Stelle,mstellega@time.com,Bigender,6109 Glendale Parkway
588,Holli,Bradforth,hbradforthgb@arstechnica.com,Genderfluid,37 Johnson Crossing
589,Sioux,Jubert,sjubertgc@aboutads.info,Non-binary,424 Express Drive
590,Dylan,MacQuaker,dmacquakergd@harvard.edu,Polygender,5 Meadow Valley Plaza
591,Jacynth,Derye-Barrett,jderyebarrettge@craigslist.org,Non-binary,77 Northwestern Crossing
592,Cash,Gilding,cgildinggf@tmall.com,Bigender,20 Erie Trail
593,Albertine,Pirot,apirotgg@mysql.com,Polygender,28 Basil Junction
594,Noemi,McCorkell,nmccorkellgh@pen.io,Non-binary,55 Old Shore Park
595,Charla,McDavid,cmcdavidgi@mail.ru,Bigender,91318 Clemons Court
596,Raquela,Farrimond,rfarrimondgj@tiny.cc,Polygender,1 Talisman Terrace
597,Sinclair,Pierucci,spieruccigk@cisco.com,Non-binary,80 Kedzie Terrace
598,Briny,Marton,bmartongl@hao123.com,Polygender,8275 Marcy Lane
599,Zorina,Ortiga,zortigagm@ebay.co.uk,Agender,052 Ilene Drive
600,Eberhard,Chardin,echardingn@mapy.cz,Bigender,1 Spohn Park
601,Marissa,Blezard,mblezardgo@auda.org.au,Male,9 Johnson Way
602,Glen,Carp,gcarpgp@soundcloud.com,Non-binary,611 Village Green Lane
603,Pancho,Arblaster,parblastergq@photobucket.com,Male,9 Aberg Lane
604,Lyndsay,Durman,ldurmangr@barnesandnoble.com,Polygender,1 Lyons Trail
605,Wyndham,Folker,wfolkergs@liveinternet.ru,Male,69350 Moulton Trail
606,Casar,Weaving,cweavinggt@prweb.com,Genderqueer,1 Mcbride Point
607,Corabelle,Barltrop,cbarltropgu@stanford.edu,Genderfluid,8 Debs Alley
608,Ede,Pittman,epittmangv@over-blog.com,Bigender,743 Lakeland Place
609,Fern,McAvaddy,fmcavaddygw@weibo.com,Female,920 Independence Lane
610,Rebecca,Damiata,rdamiatagx@baidu.com,Non-binary,6 Susan Street
611,Orelia,Gwyer,ogwyergy@intel.com,Non-binary,9 Butternut Junction
612,Teddi,Stanbrooke,tstanbrookegz@vinaora.com,Bigender,494 Esch Trail
613,Rosalynd,Maxwaile,rmaxwaileh0@chronoengine.com,Non-binary,90994 Crescent Oaks Parkway
614,Christophorus,Acland,caclandh1@liveinternet.ru,Male,54965 Mifflin Hill
615,Anne-marie,Littefair,alittefairh2@yahoo.co.jp,Bigender,043 Kropf Lane
616,Nealy,Hoffner,nhoffnerh3@umich.edu,Agender,4112 Buhler Terrace
617,Orton,Davy,odavyh4@weibo.com,Polygender,8066 Riverside Street
618,Darline,Lemin,dleminh5@virginia.edu,Agender,3 Kensington Crossing
619,Ced,Stubbe,cstubbeh6@dmoz.org,Polygender,499 Havey Alley
620,Betta,Hounsom,bhounsomh7@usgs.gov,Polygender,93129 Miller Junction
621,Harvey,Seacroft,hseacrofth8@deviantart.com,Male,67357 Hayes Avenue
622,Riley,Leipoldt,rleipoldth9@go.com,Bigender,55861 Heath Way
623,Aleece,Pottberry,apottberryha@qq.com,Genderqueer,89 Hoard Parkway
624,Devan,Wearne,dwearnehb@ehow.com,Genderqueer,69753 Magdeline Pass
625,Corilla,Whilder,cwhilderhc@latimes.com,Non-binary,1 Nancy Parkway
626,Emmeline,Petrushka,epetrushkahd@furl.net,Non-binary,33 Mifflin Hill
627,Cecily,Dominici,cdominicihe@yandex.ru,Female,688 Summit Pass
628,Meghann,Stein,msteinhf@bravesites.com,Genderfluid,57852 Little Fleur Street
629,Patrick,Pods,ppodshg@google.es,Genderfluid,3 Goodland Avenue
630,Elaine,Newbold,enewboldhh@guardian.co.uk,Polygender,17 Sullivan Plaza
631,Kevon,Jowett,kjowetthi@wikimedia.org,Non-binary,8 Longview Trail
632,Celesta,Richfield,crichfieldhj@shareasale.com,Genderqueer,44 Garrison Street
633,Genia,Bazeley,gbazeleyhk@amazon.de,Female,4 Straubel Hill
634,Georgie,Theyer,gtheyerhl@tamu.edu,Bigender,62 Beilfuss Court
635,Carolynn,Connock,cconnockhm@google.de,Non-binary,6 Park Meadow Parkway
636,Meredeth,Spencock,mspencockhn@nbcnews.com,Genderqueer,726 Golden Leaf Plaza
637,Nari,Vedekhov,nvedekhovho@creativecommons.org,Polygender,280 Harbort Crossing
638,Alvira,Rentcome,arentcomehp@bing.com,Genderqueer,37920 Erie Pass
639,Kelwin,Ashe,kashehq@telegraph.co.uk,Male,967 Johnson Road
640,Konstantine,Belfelt,kbelfelthr@google.cn,Polygender,040 Anthes Parkway
641,Armand,Chattelaine,achattelainehs@europa.eu,Non-binary,3 Starling Way
642,Florri,Harbach,fharbachht@ted.com,Genderfluid,194 Nelson Parkway
643,Major,Ferrai,mferraihu@howstuffworks.com,Genderfluid,9 Maryland Road
644,Dillon,Hove,dhovehv@qq.com,Polygender,79 Green Circle
645,Happy,Myring,hmyringhw@deviantart.com,Female,0500 Mitchell Avenue
646,Vonni,Klimentov,vklimentovhx@examiner.com,Female,500 Lighthouse Bay Hill
647,Virgina,Unwin,vunwinhy@rambler.ru,Genderfluid,9792 Lawn Junction
648,Baxie,Harries,bharrieshz@vistaprint.com,Genderqueer,614 Surrey Hill
649,Gabey,Rouse,grousei0@godaddy.com,Agender,74371 Aberg Crossing
650,Durand,Cardenoza,dcardenozai1@gnu.org,Male,1 Sommers Park
651,Charline,Brise,cbrisei2@slashdot.org,Female,18 Cody Drive
652,Georgena,Abell,gabelli3@bbc.co.uk,Genderfluid,7 Bowman Drive
653,Kile,Wilton,kwiltoni4@youtu.be,Agender,60269 Upham Avenue
654,Sindee,Kabisch,skabischi5@moonfruit.com,Genderqueer,9 Armistice Circle
655,Clair,Flea,cfleai6@mozilla.org,Bigender,8 Hanson Circle
656,Carina,Bowden,cbowdeni7@senate.gov,Polygender,50 Gulseth Hill
657,Vance,Loukes,vloukesi8@123-reg.co.uk,Bigender,99349 Ridge Oak Place
658,Rufe,Andrejs,randrejsi9@goo.ne.jp,Female,3112 Morrow Parkway
659,Rod,Carding,rcardingia@berkeley.edu,Female,439 Homewood Center
660,Rana,Jeacocke,rjeacockeib@go.com,Agender,95 Portage Park
661,Rosella,Budding,rbuddingic@jimdo.com,Genderqueer,7375 Fordem Drive
662,Adan,Theuss,atheussid@ucoz.ru,Genderqueer,7 Anzinger Park
663,Elane,Burdytt,eburdyttie@bluehost.com,Genderfluid,8 Mariners Cove Drive
664,Prentiss,Scawton,pscawtonif@omniture.com,Polygender,97040 Gina Point
665,Gray,Brickham,gbrickhamig@msn.com,Genderqueer,44 Helena Crossing
666,Leeann,Ginnelly,lginnellyih@angelfire.com,Female,4 Orin Trail
667,Tulley,Swallwell,tswallwellii@ameblo.jp,Polygender,2337 Harbort Street
668,Augie,Cosser,acosserij@narod.ru,Genderqueer,76 Victoria Crossing
669,Dyana,Tuftin,dtuftinik@nytimes.com,Genderfluid,987 Veith Drive
670,Sheila,Endle,sendleil@deliciousdays.com,Genderqueer,1 Browning Drive
671,Shaw,Lukianov,slukianovim@eventbrite.com,Non-binary,5222 Gulseth Park
672,Junie,Dresche,jdreschein@comcast.net,Female,799 Daystar Terrace
673,Loy,Gradly,lgradlyio@surveymonkey.com,Non-binary,365 Hudson Pass
674,Jaimie,De Malchar,jdemalcharip@berkeley.edu,Genderfluid,428 South Place
675,Diane-marie,Fance,dfanceiq@wiley.com,Agender,7530 Barnett Way
676,Dee dee,Sketch,dsketchir@smugmug.com,Bigender,5 Briar Crest Drive
677,Ange,Prosch,aproschis@java.com,Polygender,59583 Melody Crossing
678,Caryl,Basey,cbaseyit@chronoengine.com,Agender,5458 Springview Hill
679,Papagena,Kinnard,pkinnardiu@opera.com,Genderfluid,123 Stoughton Drive
680,Henriette,Tocqueville,htocquevilleiv@constantcontact.com,Genderfluid,93726 Mifflin Junction
681,Quillan,Frunks,qfrunksiw@chron.com,Female,7 Sundown Hill
682,Elli,Bloxham,ebloxhamix@domainmarket.com,Bigender,29323 Gina Way
683,Noelle,Attride,nattrideiy@miitbeian.gov.cn,Polygender,4189 Trailsway Center
684,Lian,Probyn,lprobyniz@rediff.com,Genderqueer,27 Kennedy Circle
685,Odessa,Dowdell,odowdellj0@csmonitor.com,Polygender,8 Crest Line Hill
686,Chantalle,Mapplethorpe,cmapplethorpej1@devhub.com,Non-binary,253 Shasta Crossing
687,Lisa,Abden,labdenj2@weather.com,Polygender,6651 Melvin Pass
688,Rikki,Camillo,rcamilloj3@senate.gov,Female,0 Hagan Center
689,Lorain,Sandells,lsandellsj4@cbsnews.com,Bigender,9118 Ludington Center
690,Thorndike,Harrismith,tharrismithj5@vk.com,Agender,17 Clemons Trail
691,Emerson,Tilne,etilnej6@boston.com,Non-binary,199 Nelson Drive
692,Ortensia,Lowdeane,olowdeanej7@indiatimes.com,Genderqueer,625 Glendale Parkway
693,Baxie,Peyro,bpeyroj8@howstuffworks.com,Female,55106 Morningstar Crossing
694,Dyna,Stealy,dstealyj9@usa.gov,Bigender,9260 Independence Lane
695,Caro,McKeown,cmckeownja@simplemachines.org,Female,095 Meadow Vale Place
696,Adelina,Royan,aroyanjb@tamu.edu,Genderfluid,203 Shopko Terrace
697,Cecilio,Fehners,cfehnersjc@japanpost.jp,Polygender,264 Chinook Point
698,Pietro,Playford,pplayfordjd@histats.com,Agender,576 West Park
699,Yasmeen,Taks,ytaksje@census.gov,Male,4 Darwin Trail
700,Chloris,Coatts,ccoattsjf@mashable.com,Non-binary,2 New Castle Plaza
701,Angelle,Alexandre,aalexandrejg@sciencedaily.com,Agender,5 Hovde Pass
702,Estevan,Longega,elongegajh@baidu.com,Bigender,5317 Londonderry Trail
703,Galvan,Klosser,gklosserji@ft.com,Male,84 Holmberg Place
704,Hadley,Fladgate,hfladgatejj@skype.com,Genderqueer,048 Karstens Circle
705,Horatius,Macvain,hmacvainjk@opera.com,Non-binary,6812 Miller Pass
706,Giraud,Garlicke,ggarlickejl@utexas.edu,Polygender,8 Hallows Plaza
707,Clayson,Mackison,cmackisonjm@woothemes.com,Polygender,6 Golf View Drive
708,Darci,Yoslowitz,dyoslowitzjn@home.pl,Non-binary,56422 Caliangt Street
709,Selina,Haselhurst,shaselhurstjo@creativecommons.org,Genderfluid,78 Prairieview Crossing
710,Eloisa,Le Noir,elenoirjp@spiegel.de,Polygender,38 Sullivan Avenue
711,Lyndell,Courteney,lcourteneyjq@craigslist.org,Non-binary,4935 Towne Way
712,Latisha,Kruse,lkrusejr@mozilla.org,Agender,81456 Spohn Pass
713,Travus,Frobisher,tfrobisherjs@php.net,Agender,68 Buell Avenue
714,Heddie,Desborough,hdesboroughjt@archive.org,Genderfluid,996 Tony Street
715,Harry,Triggol,htriggolju@nhs.uk,Female,39 Ryan Junction
716,Venita,Bras,vbrasjv@prweb.com,Non-binary,08682 Clyde Gallagher Drive
717,Alfie,Reeks,areeksjw@theglobeandmail.com,Male,3 Redwing Crossing
718,Vere,Aiton,vaitonjx@hud.gov,Agender,8605 Forster Circle
719,Idaline,Hopfer,ihopferjy@microsoft.com,Genderqueer,48 Bashford Place
720,Marice,Choppen,mchoppenjz@friendfeed.com,Bigender,6 Brickson Park Terrace
721,Ara,Bernardotti,abernardottik0@alexa.com,Female,2 Harper Drive
722,Elyn,Veljes,eveljesk1@redcross.org,Agender,41376 Lake View Point
723,Frannie,Sorrill,fsorrillk2@elpais.com,Bigender,40844 Main Plaza
724,Jeane,Smithyman,jsmithymank3@cyberchimps.com,Agender,65812 Summer Ridge Park
725,Britte,Extence,bextencek4@unc.edu,Agender,8 Merry Point
726,Paco,Van Eeden,pvaneedenk5@google.nl,Bigender,5889 Surrey Circle
727,Gavan,Hiley,ghileyk6@goodreads.com,Genderfluid,54 Norway Maple Center
728,Rik,Rees,rreesk7@skype.com,Non-binary,92781 Butternut Terrace
729,Keenan,Lailey,klaileyk8@timesonline.co.uk,Genderfluid,57 Morrow Point
730,Pauli,Krikorian,pkrikoriank9@shinystat.com,Female,87024 Onsgard Pass
731,Penrod,Adney,padneyka@yale.edu,Bigender,388 Main Lane
732,Archer,Lovel,alovelkb@kickstarter.com,Polygender,28922 Sunbrook Terrace
733,Balduin,Jordine,bjordinekc@taobao.com,Non-binary,7713 Vidon Terrace
734,Alexi,Jarville,ajarvillekd@lulu.com,Polygender,891 Graceland Plaza
735,Artair,Santer,asanterke@prnewswire.com,Female,853 Doe Crossing Court
736,Fenelia,Perdue,fperduekf@google.co.uk,Agender,5177 Spaight Road
737,Bonni,Tuffin,btuffinkg@accuweather.com,Female,41058 Duke Place
738,Boote,McPhillimey,bmcphillimeykh@feedburner.com,Non-binary,2 Algoma Trail
739,Linzy,L'argent,llargentki@skype.com,Non-binary,705 Harbort Point
740,Trever,Lucus,tlucuskj@oaic.gov.au,Polygender,02842 Lukken Lane
741,Wainwright,Sharrock,wsharrockkk@4shared.com,Female,97 Schlimgen Court
742,Elna,Edgerley,eedgerleykl@usatoday.com,Genderqueer,7 Ramsey Circle
743,Perle,Schuster,pschusterkm@zimbio.com,Male,4 Browning Lane
744,Darryl,McIlvaney,dmcilvaneykn@squarespace.com,Bigender,45891 Hanson Terrace
745,Lynn,Illem,lillemko@chronoengine.com,Polygender,6 Roth Court
746,Temple,Doneld,tdoneldkp@nasa.gov,Non-binary,06 Michigan Pass
747,Hersh,Keningham,hkeninghamkq@usa.gov,Genderqueer,6 Dwight Avenue
748,Damara,Anglish,danglishkr@mlb.com,Polygender,7 Magdeline Place
749,Noellyn,Fieldgate,nfieldgateks@smh.com.au,Agender,164 Bluejay Parkway
750,Portie,Ferrino,pferrinokt@apple.com,Agender,2254 Vera Drive
751,Ginger,Franzoli,gfranzoliku@hugedomains.com,Polygender,9111 Anhalt Hill
752,Frannie,Weth,fwethkv@psu.edu,Agender,0 Rockefeller Way
753,Errol,Giacovetti,egiacovettikw@comcast.net,Genderqueer,49039 Annamark Avenue
754,Salli,Able,sablekx@independent.co.uk,Polygender,5 Amoth Plaza
755,Chaim,Grindlay,cgrindlayky@ocn.ne.jp,Male,27 Dottie Place
756,Leeland,Lahiff,llahiffkz@reuters.com,Male,8602 Lien Point
757,Ibbie,Boggers,iboggersl0@arstechnica.com,Bigender,58197 Westerfield Park
758,Cello,Carslake,ccarslakel1@biblegateway.com,Agender,233 Eggendart Alley
759,Vonnie,Gason,vgasonl2@google.ca,Bigender,89 Village Lane
760,Adore,Whardley,awhardleyl3@businessinsider.com,Polygender,445 Sullivan Place
761,Hyman,Bosher,hbosherl4@eventbrite.com,Genderfluid,1 Dovetail Plaza
762,Nanice,Mannooch,nmannoochl5@i2i.jp,Genderqueer,32 Onsgard Circle
763,Deane,McComish,dmccomishl6@spotify.com,Female,86 Walton Lane
764,Hanson,Clampin,hclampinl7@tiny.cc,Female,61470 Kennedy Junction
765,Elana,Irving,eirvingl8@nationalgeographic.com,Agender,3235 Hansons Junction
766,Heinrik,Westberg,hwestbergl9@shutterfly.com,Agender,9428 Lyons Hill
767,Cecilia,Coggill,ccoggillla@miibeian.gov.cn,Genderfluid,311 Mariners Cove Crossing
768,Fleurette,Nealy,fnealylb@wsj.com,Female,231 Scott Way
769,Ailyn,Slateford,aslatefordlc@google.co.jp,Genderfluid,44368 West Trail
770,Nerta,Debrick,ndebrickld@constantcontact.com,Female,7 Milwaukee Plaza
771,Ediva,Ferreres,eferreresle@dyndns.org,Bigender,416 Golf Course Drive
772,Barbaraanne,Bernhart,bbernhartlf@illinois.edu,Bigender,03 Vermont Park
773,Elsbeth,Hyett,ehyettlg@oaic.gov.au,Polygender,37 Prentice Pass
774,Phaidra,MacAvddy,pmacavddylh@sfgate.com,Bigender,6 Pennsylvania Drive
775,Tatiana,Riguard,triguardli@exblog.jp,Female,45 Kim Plaza
776,Even,Guilloud,eguilloudlj@tinypic.com,Genderqueer,04 Quincy Hill
777,Osbourn,Cheng,ochenglk@cbsnews.com,Male,6 Sheridan Pass
778,Shelli,Basso,sbassoll@liveinternet.ru,Male,17535 Drewry Pass
779,Liana,Clinch,lclinchlm@bbb.org,Genderfluid,3 2nd Hill
780,Willamina,Creus,wcreusln@phpbb.com,Bigender,2 Duke Plaza
781,Romonda,Halleybone,rhalleybonelo@statcounter.com,Non-binary,4 Little Fleur Parkway
782,Zitella,Kervin,zkervinlp@cdbaby.com,Female,0 Sherman Street
783,Marlon,Pauwel,mpauwellq@dot.gov,Non-binary,143 Grasskamp Center
784,La verne,Marklin,lmarklinlr@list-manage.com,Genderqueer,4 Buena Vista Place
785,Edan,Cripin,ecripinls@tripod.com,Non-binary,001 Nevada Center
786,Ginger,Shuttell,gshuttelllt@drupal.org,Polygender,0231 Northwestern Court
787,Noelani,Cullen,ncullenlu@artisteer.com,Non-binary,59981 Meadow Valley Place
788,Rafi,Vannuccinii,rvannucciniilv@webs.com,Agender,1 Ridgeview Pass
789,Noah,Moxstead,nmoxsteadlw@amazon.com,Non-binary,93 Delladonna Junction
790,Conroy,Endacott,cendacottlx@instagram.com,Female,68 Village Green Plaza
791,Emlyn,Luebbert,eluebbertly@arstechnica.com,Polygender,24 Gina Court
792,Garrott,Abramzon,gabramzonlz@sitemeter.com,Female,54203 Porter Alley
793,Wallie,Winter,wwinterm0@telegraph.co.uk,Bigender,30 Westend Avenue
794,Sebastien,Shooter,sshooterm1@go.com,Agender,29 Troy Terrace
795,Gerry,Shilburne,gshilburnem2@yellowbook.com,Genderfluid,47307 Sheridan Center
796,Bartholomeus,Illiston,billistonm3@google.fr,Polygender,6 Scofield Alley
797,Lesley,Cobelli,lcobellim4@hc360.com,Genderqueer,5 Bashford Alley
798,Cam,Pauls,cpaulsm5@drupal.org,Male,93287 Westend Crossing
799,Charmian,Beggan,cbegganm6@ftc.gov,Non-binary,4855 American Ash Alley
800,Hiram,Marquese,hmarquesem7@amazon.de,Male,16 International Place
801,Shaylah,Sedworth,ssedworthm8@dell.com,Non-binary,94 Corben Road
802,Carlo,Eyree,ceyreem9@elegantthemes.com,Male,80 Quincy Way
803,Rosana,Stobbe,rstobbema@prweb.com,Female,41 Talmadge Road
804,Ogdan,Franceschielli,ofranceschiellimb@comsenz.com,Female,4656 Heath Circle
805,Ebeneser,Ambridge,eambridgemc@yale.edu,Genderfluid,810 Ronald Regan Court
806,Hatty,Swyne,hswynemd@tmall.com,Male,8475 Village Terrace
807,Rosetta,Shervil,rshervilme@google.com.br,Genderqueer,94885 Westerfield Street
808,Monica,Woloschin,mwoloschinmf@sogou.com,Male,9 Milwaukee Parkway
809,Cecil,Kernoghan,ckernoghanmg@amazon.de,Female,430 Waubesa Trail
810,Avigdor,Hyndes,ahyndesmh@ezinearticles.com,Genderqueer,8 Rutledge Trail
811,Theodore,Chyuerton,tchyuertonmi@wikispaces.com,Agender,066 Bayside Place
812,L;urette,Grishelyov,lgrishelyovmj@imdb.com,Genderqueer,877 Montana Drive
813,Karen,Marklew,kmarklewmk@nifty.com,Agender,3 Magdeline Trail
814,Harp,Yushachkov,hyushachkovml@cnet.com,Bigender,6 Independence Terrace
815,Katy,Beausang,kbeausangmm@thetimes.co.uk,Genderqueer,9 Arapahoe Place
816,Stuart,Loos,sloosmn@meetup.com,Genderfluid,644 Eastlawn Circle
817,Angelina,Goggins,agogginsmo@bloglines.com,Genderqueer,234 Mcguire Center
818,Shurwood,Edmott,sedmottmp@delicious.com,Bigender,91362 Debs Terrace
819,Giacinta,Entwhistle,gentwhistlemq@360.cn,Agender,53 Briar Crest Alley
820,Eleonore,Rizzotto,erizzottomr@mashable.com,Non-binary,624 Lien Court
821,Chryste,Roslen,croslenms@hostgator.com,Genderfluid,3749 Duke Center
822,Bridgette,Baterip,bbateripmt@last.fm,Non-binary,663 Kings Park
823,Dorella,Faivre,dfaivremu@weebly.com,Genderfluid,1 Hauk Court
824,Stefania,Sparshatt,ssparshattmv@miibeian.gov.cn,Bigender,007 Arrowood Plaza
825,Yolande,Oleshunin,yoleshuninmw@yale.edu,Male,40764 Alpine Junction
826,Daron,Whates,dwhatesmx@bbb.org,Non-binary,82673 Weeping Birch Trail
827,Wilmer,Rodolico,wrodolicomy@deliciousdays.com,Agender,5397 Sycamore Pass
828,Karlik,Senchenko,ksenchenkomz@printfriendly.com,Non-binary,1 Reinke Pass
829,Berri,Jedrzejczak,bjedrzejczakn0@kickstarter.com,Polygender,919 Lillian Hill
830,Lesly,Dudney,ldudneyn1@pbs.org,Polygender,2 Corry Terrace
831,Shannon,Louch,slouchn2@chron.com,Non-binary,05 Southridge Road
832,Janice,Gritland,jgritlandn3@netvibes.com,Male,71360 Northwestern Court
833,Morgan,Edinborough,medinboroughn4@dropbox.com,Non-binary,3 Mccormick Street
834,Daryl,Stain,dstainn5@va.gov,Non-binary,6535 Fuller Junction
835,Ainslee,Sisneros,asisnerosn6@sitemeter.com,Female,8 Carioca Street
836,Hetti,Lathwood,hlathwoodn7@hud.gov,Polygender,4153 Iowa Pass
837,Milo,Woolpert,mwoolpertn8@biglobe.ne.jp,Bigender,08 Westerfield Court
838,Guillema,Pinson,gpinsonn9@theguardian.com,Female,4 Shasta Avenue
839,Palm,Arbon,parbonna@lycos.com,Bigender,52525 Brown Road
840,Page,Deniset,pdenisetnb@unc.edu,Genderfluid,80152 Dennis Court
841,Penny,Kenrat,pkenratnc@list-manage.com,Genderfluid,08 Thackeray Parkway
842,Moises,Mariot,mmariotnd@ihg.com,Polygender,1 Dottie Junction
843,Willy,Fellon,wfellonne@unc.edu,Non-binary,00 Goodland Parkway
844,Lin,De Carlo,ldecarlonf@wikia.com,Polygender,0 Merrick Hill
845,Pascale,Godspeede,pgodspeedeng@jiathis.com,Non-binary,6896 Pleasure Junction
846,Holly-anne,Blenkharn,hblenkharnnh@jiathis.com,Bigender,9 Morning Plaza
847,Lindy,Sterre,lsterreni@slate.com,Non-binary,645 Redwing Terrace
848,Jacquette,Seys,jseysnj@yolasite.com,Genderfluid,85085 Meadow Ridge Place
849,Abbi,Stening,asteningnk@dagondesign.com,Bigender,06 Grayhawk Plaza
850,Arlette,Smail,asmailnl@bing.com,Agender,1012 Kensington Way
851,Kelci,Coddrington,kcoddringtonnm@networksolutions.com,Genderfluid,342 Brentwood Way
852,Harbert,Stubbes,hstubbesnn@domainmarket.com,Female,5790 Atwood Road
853,Arley,Gascar,agascarno@wikipedia.org,Bigender,429 Havey Park
854,Humfrid,Harrismith,hharrismithnp@goo.gl,Female,76 Sunnyside Pass
855,Ermengarde,Amerighi,eamerighinq@timesonline.co.uk,Genderfluid,93 Farragut Park
856,Maudie,Aleevy,maleevynr@bigcartel.com,Agender,296 Clemons Junction
857,Henry,Hanniger,hhannigerns@4shared.com,Agender,661 Dawn Alley
858,Chadd,Leal,clealnt@virginia.edu,Male,21 Sheridan Place
859,Angeli,Coltart,acoltartnu@army.mil,Genderfluid,56688 Tomscot Point
860,Merrick,Sellar,msellarnv@google.ru,Genderfluid,3 Victoria Plaza
861,Kayley,McCrone,kmccronenw@sfgate.com,Female,93 Summit Drive
862,Kerrill,Scambler,kscamblernx@engadget.com,Genderqueer,9264 Main Circle
863,Homerus,Pantecost,hpantecostny@smugmug.com,Agender,613 Heffernan Alley
864,Rodge,Tschursch,rtschurschnz@amazon.co.jp,Genderqueer,284 Hoard Center
865,Dorine,Scotchford,dscotchfordo0@lulu.com,Female,11 Namekagon Circle
866,Perle,Hockell,phockello1@dagondesign.com,Non-binary,8 Hallows Place
867,Maren,Simionato,msimionatoo2@abc.net.au,Female,2756 Rusk Junction
868,Stace,Treweek,streweeko3@wordpress.com,Female,47973 Birchwood Circle
869,Yelena,Darco,ydarcoo4@is.gd,Bigender,5 Luster Hill
870,Viviyan,Peattie,vpeattieo5@chicagotribune.com,Male,1207 Loftsgordon Point
871,Nickie,Halfhide,nhalfhideo6@mozilla.com,Polygender,4363 Havey Plaza
872,Franciskus,Burkart,fburkarto7@mashable.com,Bigender,2 Pennsylvania Lane
873,Richmond,Ivakhno,rivakhnoo8@whitehouse.gov,Genderfluid,82060 Pankratz Hill
874,Merrielle,Dearell,mdearello9@behance.net,Polygender,42 Lakewood Gardens Street
875,Dionne,Steketee,dsteketeeoa@answers.com,Female,25 Nelson Crossing
876,Dev,Markovich,dmarkovichob@ycombinator.com,Male,70 Jenna Lane
877,Dulcia,Duff,dduffoc@thetimes.co.uk,Female,61784 Pleasure Circle
878,Sandi,Kneath,skneathod@bluehost.com,Bigender,62538 Village Green Point
879,Del,Heilds,dheildsoe@163.com,Female,90 8th Court
880,Raymund,Marzelle,rmarzelleof@ihg.com,Agender,1 Karstens Hill
881,Herta,Creggan,hcregganog@kickstarter.com,Bigender,50237 Gerald Lane
882,Terra,Dils,tdilsoh@chicagotribune.com,Genderfluid,3849 Blue Bill Park Crossing
883,Bevin,Charrett,bcharrettoi@hexun.com,Non-binary,557 Warrior Parkway
884,Jerrilyn,Ida,jidaoj@instagram.com,Non-binary,0158 Dryden Junction
885,Elbertina,Grim,egrimok@sakura.ne.jp,Female,47 Sunfield Crossing
886,Sherwin,Darrach,sdarrachol@printfriendly.com,Female,6 Atwood Junction
887,Phyllida,Benedit,pbeneditom@wufoo.com,Genderqueer,17 Sauthoff Center
888,Lowell,Matthieson,lmatthiesonon@studiopress.com,Bigender,36112 Kim Road
889,Theo,Littleproud,tlittleproudoo@webmd.com,Non-binary,8260 Rieder Road
890,Lanny,Nussgen,lnussgenop@clickbank.net,Female,1317 Waywood Hill
891,Cyndy,Shear,cshearoq@purevolume.com,Agender,0 Hollow Ridge Junction
892,Gusella,Taveriner,gtaverineror@google.cn,Genderfluid,98 Harper Parkway
893,Emile,Ibbetson,eibbetsonos@ebay.co.uk,Bigender,789 Lindbergh Way
894,Bobina,Schulze,bschulzeot@washington.edu,Polygender,152 Wayridge Crossing
895,Teddi,Treneman,ttrenemanou@unicef.org,Male,5 Bluejay Court
896,Lou,Ridulfo,lridulfoov@house.gov,Bigender,7406 Marquette Parkway
897,Pia,Hugett,phugettow@goodreads.com,Bigender,09 Loomis Alley
898,Rosmunda,Ivashnyov,rivashnyovox@princeton.edu,Female,06 Rutledge Crossing
899,Beatrice,Lawler,blawleroy@pinterest.com,Male,7 Hansons Junction
900,Darnall,Klais,dklaisoz@disqus.com,Male,97177 Village Green Center
901,Cyril,Bayless,cbaylessp0@eepurl.com,Genderfluid,76 Sullivan Lane
902,Alric,Sallowaye,asallowayep1@dropbox.com,Bigender,5986 Luster Park
903,Gus,Pien,gpienp2@myspace.com,Male,3564 Badeau Road
904,Ambrosi,Careless,acarelessp3@exblog.jp,Agender,4 Prentice Center
905,Corrie,Shacklady,cshackladyp4@123-reg.co.uk,Genderfluid,003 Hermina Drive
906,Francesco,Foxhall,ffoxhallp5@hhs.gov,Female,0 Sachs Center
907,Emyle,Shilliday,eshillidayp6@loc.gov,Non-binary,83567 Sundown Hill
908,Mabelle,Strangman,mstrangmanp7@mapquest.com,Female,48976 Ronald Regan Lane
909,Janifer,Gillibrand,jgillibrandp8@mtv.com,Genderqueer,02 South Alley
910,Vikki,Prozescky,vprozesckyp9@i2i.jp,Polygender,76 Oak Valley Terrace
911,Esmeralda,Anders,eanderspa@trellian.com,Genderfluid,00504 Goodland Road
912,Pavel,Spragge,pspraggepb@dropbox.com,Male,48 Roxbury Plaza
913,Pascale,Jackett,pjackettpc@cocolog-nifty.com,Male,48 1st Trail
914,Alessandra,Carrick,acarrickpd@goodreads.com,Genderqueer,3 Clarendon Terrace
915,Ranna,Kennelly,rkennellype@delicious.com,Genderfluid,159 Marquette Place
916,Ameline,Drewry,adrewrypf@tmall.com,Non-binary,173 Manufacturers Place
917,Genvieve,Lawes,glawespg@ca.gov,Genderqueer,233 Butternut Way
918,Norry,Pitway,npitwayph@unicef.org,Male,7735 New Castle Court
919,Leigh,Bygrove,lbygrovepi@ow.ly,Female,3768 Westport Alley
920,Gabriello,Argont,gargontpj@about.com,Bigender,55 Bellgrove Court
921,Danila,Kryzhov,dkryzhovpk@ucsd.edu,Female,3 Elmside Pass
922,Carl,Idel,cidelpl@nba.com,Agender,2 Laurel Plaza
923,Rosco,Gutowska,rgutowskapm@com.com,Bigender,85626 Marcy Parkway
924,Carolann,Gong,cgongpn@usda.gov,Agender,9 Evergreen Crossing
925,Jordana,Eller,jellerpo@51.la,Non-binary,50553 Old Shore Junction
926,Inglebert,Lots,ilotspp@php.net,Polygender,18759 Manitowish Avenue
927,Carmen,Waskett,cwaskettpq@nytimes.com,Genderqueer,658 Carberry Alley
928,Yelena,Bristo,ybristopr@privacy.gov.au,Female,18336 Daystar Point
929,Ede,Gallard,egallardps@auda.org.au,Genderqueer,4341 Melody Junction
930,Mabelle,Yglesia,myglesiapt@blogs.com,Genderfluid,1 Donald Drive
931,Gayla,MacKniely,gmacknielypu@printfriendly.com,Bigender,5 Anthes Plaza
932,Pansie,Azam,pazampv@livejournal.com,Genderqueer,24733 Lake View Street
933,Giavani,Maddern,gmaddernpw@google.fr,Male,4925 Hanover Plaza
934,Hazel,Jouanot,hjouanotpx@eepurl.com,Genderqueer,9 Sunnyside Road
935,Vivi,Boraston,vborastonpy@cyberchimps.com,Polygender,61 Glacier Hill Plaza
936,Alica,Brailsford,abrailsfordpz@dagondesign.com,Agender,35068 Charing Cross Avenue
937,Matty,Cale,mcaleq0@boston.com,Bigender,72 Cordelia Parkway
938,Kermit,Pignon,kpignonq1@oracle.com,Female,2089 Valley Edge Hill
939,Pieter,Wych,pwychq2@is.gd,Polygender,7 Cherokee Trail
940,Malorie,Younie,myounieq3@yandex.ru,Genderqueer,39981 Tennessee Place
941,Genia,Alexandersen,galexandersenq4@elegantthemes.com,Bigender,87 Helena Circle
942,Randie,Sands-Allan,rsandsallanq5@homestead.com,Male,703 Del Mar Junction
943,Irwinn,Lawson,ilawsonq6@gizmodo.com,Genderfluid,42 Norway Maple Lane
944,Krishnah,Hagart,khagartq7@fema.gov,Agender,54 Brown Street
945,Carr,Quimby,cquimbyq8@histats.com,Male,4 Reindahl Parkway
946,Myrta,Ewer,mewerq9@mediafire.com,Non-binary,571 Logan Junction
947,Tedmund,Kobes,tkobesqa@reverbnation.com,Agender,388 Heath Terrace
948,Sacha,Bygrove,sbygroveqb@fotki.com,Male,652 Thierer Hill
949,Meggie,Hincham,mhinchamqc@last.fm,Non-binary,57 Fremont Terrace
950,Nora,Folds,nfoldsqd@over-blog.com,Genderfluid,1831 Coleman Place
951,Eryn,Butterfint,ebutterfintqe@wix.com,Non-binary,30942 Kim Avenue
952,Tatiania,Gaitone,tgaitoneqf@bluehost.com,Polygender,3286 Fuller Lane
953,Brandise,Caesman,bcaesmanqg@mit.edu,Female,0034 Homewood Park
954,Willow,Brereton,wbreretonqh@sohu.com,Bigender,991 Cambridge Drive
955,Dorita,Prestige,dprestigeqi@oracle.com,Male,4372 Vera Pass
956,Iorgos,Moralas,imoralasqj@mozilla.org,Non-binary,255 Loftsgordon Hill
957,Mariette,Gavaran,mgavaranqk@ning.com,Polygender,5 Forest Run Terrace
958,Martita,Witherow,mwitherowql@google.cn,Agender,1712 Florence Way
959,Neila,Duck,nduckqm@miibeian.gov.cn,Bigender,7 Darwin Crossing
960,Claribel,Barensky,cbarenskyqn@pcworld.com,Polygender,3 Alpine Place
961,Cass,Licas,clicasqo@theglobeandmail.com,Agender,556 Victoria Street
962,Samara,Dunkerley,sdunkerleyqp@cyberchimps.com,Agender,9322 Sullivan Lane
963,Shawna,Franzonetti,sfranzonettiqq@msu.edu,Genderqueer,44957 Nobel Street
964,Pacorro,Lesper,plesperqr@google.fr,Male,2104 Bellgrove Place
965,Hagan,Hatwells,hhatwellsqs@smugmug.com,Genderqueer,83 Hallows Parkway
966,Townsend,Daltrey,tdaltreyqt@list-manage.com,Bigender,8392 Stang Junction
967,Opal,MacNeish,omacneishqu@51.la,Female,447 Green Lane
968,Orbadiah,Sefton,oseftonqv@desdev.cn,Non-binary,7347 Mitchell Lane
969,Putnem,Keener,pkeenerqw@go.com,Agender,551 Heffernan Road
970,Lemuel,Fawlks,lfawlksqx@wikipedia.org,Genderqueer,4038 Twin Pines Place
971,Teodorico,Suscens,tsuscensqy@imageshack.us,Bigender,500 Manley Park
972,Wilburt,Shearme,wshearmeqz@prweb.com,Polygender,5491 Carioca Alley
973,Andrea,Crawley,acrawleyr0@phoca.cz,Non-binary,9 Loomis Avenue
974,Casey,Andersson,canderssonr1@soup.io,Male,7 Dahle Court
975,Larine,Rodenborch,lrodenborchr2@wp.com,Male,9 Red Cloud Place
976,Tallie,Atyea,tatyear3@biblegateway.com,Female,624 Texas Pass
977,Bancroft,Kropp,bkroppr4@weibo.com,Genderqueer,72 Bobwhite Plaza
978,Poul,Screas,pscreasr5@bloglines.com,Polygender,34987 Kings Way
979,Dallis,Maude,dmauder6@ask.com,Genderqueer,9 Coolidge Circle
980,Clovis,Purselowe,cpurselower7@harvard.edu,Bigender,82 Barnett Terrace
981,Delores,Gain,dgainr8@redcross.org,Genderqueer,72865 Springs Street
982,Ellie,Ridgway,eridgwayr9@webs.com,Male,8366 Bowman Junction
983,Flo,Frayn,ffraynra@goodreads.com,Polygender,613 Eagle Crest Avenue
984,Ingaborg,Balsom,ibalsomrb@economist.com,Bigender,18 Mandrake Hill
985,Concettina,McKinty,cmckintyrc@quantcast.com,Female,6814 Monterey Street
986,Nickolaus,Dudbridge,ndudbridgerd@storify.com,Non-binary,2 Crest Line Alley
987,Jenda,Jermey,jjermeyre@bloglovin.com,Non-binary,248 Alpine Court
988,Dell,Ponten,dpontenrf@umn.edu,Bigender,087 Darwin Point
989,Johnathon,Gonzalez,jgonzalezrg@liveinternet.ru,Bigender,10 Ramsey Park
990,Mureil,Crickmer,mcrickmerrh@networksolutions.com,Polygender,90301 Fulton Plaza
991,Porty,Parsisson,pparsissonri@mtv.com,Male,696 Jenna Center
992,Beryl,Spring,bspringrj@usnews.com,Genderqueer,214 1st Circle
993,Eva,Klarzynski,eklarzynskirk@squidoo.com,Genderqueer,8 Sauthoff Avenue
994,Moise,Cromett,mcromettrl@wunderground.com,Polygender,89414 Grasskamp Avenue
995,Noland,Nannetti,nnannettirm@networkadvertising.org,Agender,4 5th Lane
996,Lorene,Wieprecht,lwieprechtrn@netlog.com,Polygender,690 8th Street
997,Dillie,Grenshiels,dgrenshielsro@woothemes.com,Polygender,896 Pepper Wood Way
998,Noemi,Sijmons,nsijmonsrp@taobao.com,Agender,2724 Corry Lane
999,Wake,Lavarack,wlavarackrq@elpais.com,Male,1 Boyd Park
1000,Nealson,Jezard,njezardrr@miibeian.gov.cn,Female,3 Twin Pines Place